Berthe Vick,(881) 1095811,bvick0@google.com,08:00 PM,09:00 PM
Carney Dumberrill,(478) 1016236,cdumberrill1@dedecms.com,08:00 AM,10:00 PM
Rosalynd Pengilly,(290) 4704890,rpengilly2@zimbio.com,10:00 AM,10:00 PM
Mei Hatchard,(928) 7582624,mhatchard3@techcrunch.com,08:00 AM,09:00 PM
Dacey Deinert,(281) 3094189,ddeinert4@techcrunch.com,08:00 AM,08:00 AM
Orville Chugg,(131) 7156504,ochugg5@photobucket.com,09:00 AM,12:00 PM
Christiane Marr,(896) 2850774,cmarr6@narod.ru,07:00 PM,10:00 PM
Quinta Wychard,(739) 5519771,qwychard7@about.me,08:00 PM,10:00 PM
Bette-ann Hackleton,(131) 3018780,bhackleton8@businesswire.com,09:00 AM,05:00 PM
Elsey Diano,(584) 3694500,ediano9@about.com,02:00 PM,04:00 PM
Pavel Luchelli,(466) 2482249,pluchellia@homestead.com,03:00 PM,06:00 PM
Cyrille Kennedy,(988) 9472907,ckennedyb@paginegialle.it,08:00 PM,10:00 PM
Pincas Rochford,(903) 9908032,prochfordc@redcross.org,03:00 PM,07:30 PM
Freida Radborn,(211) 7404604,fradbornd@timesonline.co.uk,11:00 AM,06:30 PM
Meghann Medgwick,(698) 2844283,mmedgwicke@phoca.cz,10:00 AM,10:00 PM